{
    "Sheet1": [
        {
            "customer_id": 1,
            "ship_to_name": "Chandra Mauldin",
            "ship_to_company": "Wayne Health - Surgery",
            "address_line_1": "4201 St. Antoine",
            "address_line_2": "6C-UHC, Box# 273",
            "city": "Detroit",
            "state": "Michigan",
            "postal_code": 48201,
            "country": "USA"
        },
        {
            "customer_id": 2,
            "ship_to_name": "Kathy Cardinal",
            "ship_to_company": "Kresge Eye Institute Dept. of Ophthalmology",
            "address_line_1": "4717 St. Antoine St.",
            "address_line_2": "University Physician Group",
            "city": "Detroit",
            "state": "Michigan",
            "postal_code": 48201,
            "country": "USA"
        },
        {
            "customer_id": 3,
            "ship_to_name": "Laura Pelli",
            "ship_to_company": "Wayne Health Dearborn",
            "address_line_1": "5250 Auto Club Drive",
            "address_line_2": "Suite 290A",
            "city": "Dearborn",
            "state": "Michigan",
            "postal_code": 48126
        },
        {
            "customer_id": 4,
            "ship_to_name": "Suzanne Woolsey",
            "ship_to_company": "Wayne Health - Nephrology & Hypertension. Internal Med.",
            "address_line_1": "4160 John R, Suite 908",
            "address_line_2": "Harper Professional Bldg",
            "city": "Detroit",
            "state": "Michigan",
            "postal_code": 48201
        },
        {
            "customer_id": 5,
            "ship_to_name": "Zainab Suleiman",
            "ship_to_company": "Wayne Health",
            "address_line_1": "26400  W. 12 Mile Rd",
            "address_line_2": "Suite 145",
            "city": "Southfield",
            "is_default": "default",
            "state": "Michigan",
            "postal_code": 48034
        },
        {
            "customer_id": 5,
            "ship_to_name": "Zainab Suleiman",
            "ship_to_company": "Wayne Health",
            "address_line_1": "26400  W. 12 Mile Rd",
            "address_line_2": "Suite 111",
            "city": "Southfield",
            "state": "Michigan",
            "postal_code": 48034
        },
        {
            "customer_id": 6,
            "ship_to_name": "Andrew Disbrow",
            "ship_to_company": "Wayne Health - Family Medicine",
            "address_line_1": "3939 Woodward Ave.,",
            "address_line_2": "Room 324",
            "city": "Detroit",
            "state": "Michigan",
            "postal_code": 48201
        },
        {
            "customer_id": 6,
            "ship_to_name": "Debra Wroe ",
            "ship_to_company": "Wayne Health - Family Medicine",
            "address_line_1": "1560 E. Maple",
            "address_line_2": "Suite 200",
            "city": "Troy",
            "state": "Michigan",
            "postal_code": 48083
        },
        {
            "customer_id": 6,
            "ship_to_name": "Shannon Seidel",
            "ship_to_company": "Wayne Health - Family Medicine",
            "address_line_1": "400 Mack Avenue",
            "address_line_2": "Suite 2 East",
            "city": "Detroit",
            "is_default": "default",
            "state": "Michigan",
            "postal_code": 48201
        },
        {
            "customer_id": 7,
            "ship_to_name": "Brenda Batts",
            "ship_to_company": "Wayne State University",
            "address_line_1": "Dept. of Pathology",
            "address_line_2": "540 E. Canfield",
            "city": "Detroit",
            "state": "Michigan",
            "postal_code": 48201
        },
        {
            "customer_id": 8,
            "ship_to_name": "Claudia Bessolo",
            "ship_to_company": "WSUPG Otolaryngology",
            "address_line_1": "18181 Oakwood Blvd, Ste 402",
            "city": "Dearborn",
            "state": "Michigan",
            "postal_code": 48124
        },
        {
            "customer_id": 8,
            "ship_to_name": "Claudia Bessolo",
            "ship_to_company": "WSUPG Otolaryngology",
            "address_line_1": "27177 Lahser, Ste 203",
            "city": "Southfield",
            "state": "Michigan",
            "postal_code": 48034
        },
        {
            "customer_id": 8,
            "ship_to_name": "Claudia Bessolo",
            "ship_to_company": "WSUPG Otolaryngology",
            "address_line_1": "4201 St. Antoine St. 5E-UHC",
            "city": "Detroit",
            "state": "Michigan",
            "postal_code": 48201
        },
        {
            "customer_id": 8,
            "ship_to_name": "Deana M. Yasso-Vander Vliet",
            "ship_to_company": "Wayne Health",
            "address_line_1": "26400 W 12 Mile",
            "address_line_2": "Suite 111",
            "city": "Southfield",
            "is_default": "default",
            "state": "Michigan",
            "postal_code": 48034
        },
        {
            "customer_id": 9,
            "ship_to_name": "Dar Savoie",
            "ship_to_company": "Wayne Health",
            "address_line_1": "400 Mack ",
            "city": "Detroit",
            "state": "Michigan",
            "postal_code": 48201
        },
        {
            "customer_id": 10,
            "ship_to_name": "Diane Campbell",
            "ship_to_company": "Wayne Health Infusion Clinic",
            "address_line_1": "400 Mack Ave",
            "address_line_2": "Suite 2",
            "city": "Detroit",
            "state": "Michigan",
            "postal_code": 48201
        },
        {
            "customer_id": 11,
            "ship_to_name": "Ebony Troy",
            "ship_to_company": "Wayne Health Troy",
            "address_line_1": "1560 E. Maple Rd.",
            "address_line_2": "Suite 200",
            "city": "Troy",
            "state": "Michigan",
            "postal_code": 48083
        },
        {
            "customer_id": 12,
            "ship_to_name": "Geneva Lucas",
            "ship_to_company": "Wayne Health",
            "address_line_1": "50 E. Canfield STI/TB Clinics",
            "city": "Detroit",
            "state": "Michigan",
            "postal_code": 48201
        },
        {
            "customer_id": 13,
            "ship_to_name": "Hallie Butler",
            "ship_to_company": "Wayne Health - Urology",
            "address_line_1": "4201 St. Antoine, UHC - 7C",
            "city": "Detroit",
            "state": "Michigan",
            "postal_code": 48201
        },
        {
            "customer_id": 14,
            "ship_to_name": "Janelle Paparelli",
            "ship_to_company": "Wayne Health - Surgery",
            "address_line_1": "4201 St. Antoine",
            "address_line_2": "6C - UHC, Box# 273",
            "city": "Detroit",
            "state": "Michigan",
            "postal_code": 48201
        },
        {
            "customer_id": 15,
            "ship_to_name": "Jennifer Abraham",
            "ship_to_company": "Wayne Health-Kresge Eye Institute",
            "address_line_1": "4717 St. Antoine",
            "address_line_2": "Dept. of Ophthalmology",
            "city": "Detroit",
            "state": "Michigan",
            "postal_code": 48201
        },
        {
            "customer_id": 16,
            "ship_to_name": "Jody Nash",
            "ship_to_company": "Wayne Health - OB/GYN",
            "address_line_1": "Hutzel Women's Hospital",
            "address_line_2": "3990 John R Street, 7 Brush North",
            "city": "Detroit",
            "state": "Michigan",
            "postal_code": 48201
        },
        {
            "customer_id": 17,
            "ship_to_name": "Elizabeth Brunner",
            "ship_to_company": "Wayne Health - Psychiatry",
            "address_line_1": "3901 Chrysler Drive",
            "address_line_2": "Tolan Park Medical Bldg Suite 3B",
            "city": "Detroit",
            "state": "Michigan",
            "postal_code": 48201
        },
        {
            "customer_id": 17,
            "ship_to_name": "Julie Giroux",
            "ship_to_company": "Wayne Health",
            "address_line_1": "3901 Chrysler Service Drive, Ste 5A",
            "city": "Detroit",
            "state": "Michigan",
            "postal_code": 48201
        },
        {
            "customer_id": 17,
            "ship_to_name": "Suzanne Manji",
            "ship_to_company": "Wayne Health - Psychiatry",
            "address_line_1": "16836 Newburgh Road #27",
            "city": "Livonia",
            "state": "Michigan",
            "postal_code": 48154
        },
        {
            "customer_id": 17,
            "ship_to_name": "Wayne Health Psychiatry",
            "address_line_1": "3901 Chrysler Drive",
            "address_line_2": "STE 3B",
            "city": "Detroit",
            "is_default": "default",
            "state": "Michigan",
            "postal_code": 48201
        },
        {
            "customer_id": 18,
            "ship_to_name": "LaDorris Browner",
            "ship_to_company": "Wayne Health - Shared Cost Center",
            "address_line_1": "400 Mack 2E",
            "city": "Detroit",
            "state": "Michigan",
            "postal_code": 48201
        },
        {
            "customer_id": 19,
            "ship_to_name": "Lauren Sexton",
            "ship_to_company": "Wayne Health - Psychiatry",
            "address_line_1": "3901 Chrysler Service Dr.,",
            "address_line_2": "Suite 3B",
            "city": "Detroit",
            "state": "Michigan",
            "postal_code": 48201
        },
        {
            "customer_id": 20,
            "ship_to_name": "Lisa Berant",
            "ship_to_company": "Karmanos Cancer Center",
            "address_line_1": "4100 John R St",
            "city": "Detroit",
            "state": "Michigan",
            "postal_code": 48201
        },
        {
            "customer_id": 21,
            "ship_to_name": "Loan  Hoang",
            "ship_to_company": "Karmanos Cancer Center",
            "address_line_1": "4100 John R St.",
            "city": "Detroit",
            "state": "Michigan",
            "postal_code": 48201
        },
        {
            "customer_id": 22,
            "ship_to_name": "Mandy Bullock",
            "ship_to_company": "Wayne Health-Radiation Oncology",
            "address_line_1": "4100 John R St",
            "address_line_2": "GE00RO",
            "city": "Detroit",
            "state": "Michigan",
            "postal_code": 48201
        },
        {
            "customer_id": 23,
            "ship_to_name": "Mario Singleton",
            "ship_to_company": "Wayne Health - Infectious Disease",
            "address_line_1": "3901 Chrysler Service Drive",
            "address_line_2": "Tolan Park Medical Building Ste. 4A",
            "city": "Detroit",
            "is_default": "default",
            "state": "Michigan",
            "postal_code": 48201
        },
        {
            "customer_id": 23,
            "ship_to_name": "Mario Singleton",
            "ship_to_company": "Wayne Health - Endocrinology  & Cardiology",
            "address_line_1": "4201 St. Antoine Street",
            "address_line_2": "UHC - Suite 4C",
            "city": "Detroit",
            "state": "Michigan",
            "postal_code": 48201
        },
        {
            "customer_id": 24,
            "ship_to_name": "Martha Barron",
            "ship_to_company": "Wayne Health - Dearborn Dermatology",
            "address_line_1": "18100 Oakwood Blvd., Ste 300",
            "city": "Dearborn",
            "state": "Michigan",
            "postal_code": 48124
        },
        {
            "customer_id": 25,
            "ship_to_name": "Aleksandra Sporycz",
            "ship_to_company": "WSUSOM OB/GYN",
            "address_line_1": "3990 John R Street",
            "address_line_2": "7 Brush North, Hutzel Hospital",
            "city": "Detroit",
            "state": "Michigan",
            "postal_code": 48201
        },
        {
            "customer_id": 25,
            "ship_to_name": "Melissa LeCoumpte",
            "ship_to_company": "WSUSOM OB/GYN",
            "address_line_1": "3990 John R Street",
            "address_line_2": "7 Brush North, Hutzel Hospital",
            "city": "Detroit",
            "is_default": "default",
            "state": "Michigan",
            "postal_code": 48201
        },
        {
            "customer_id": 26,
            "ship_to_name": "Pamela Sydorchuk",
            "ship_to_company": "Karmanos Cancer Institute",
            "address_line_1": "4100 John R., Mailcode HW04HO",
            "address_line_2": "Hematology/Oncology",
            "city": "Detroit",
            "state": "Michigan",
            "postal_code": 48201
        },
        {
            "customer_id": 27,
            "ship_to_name": "Sharon  Washington",
            "ship_to_company": "Wayne Health",
            "address_line_1": "4201 St. Antoine",
            "address_line_2": "Neurology, UHC/8D",
            "city": "Detroit",
            "state": "Michigan",
            "postal_code": 48201
        }
    ]
}
