{
    "Sheet1": [
        {
            "id": 1,
            "fax": null,
            "first_name": "Chandra",
            "last_name": "Mauldin",
            "company_name": "Wayne Health - Surgery",
            "phone": "313-966-7318",
            "username": "cmauldin",
            "email": "cmauldin@med.wayne.edu",
            "password": "cmauldin",
            "address_line_1": "4201 St. Antoine",
            "address_line_2": "6C-UHC, Box# 273",
            "city": "Detroit",
            "state": "Michigan",
            "postal_code": "48201",
            "country": "USA"
        },
        {
            "id": 2,
            "fax": null,
            "first_name": "Kathy ",
            "last_name": "Cardinal",
            "company_name": "Kresge Eye Institute",
            "phone": "313-577-1327",
            "username": "kcardina",
            "email": "kcardina@med.wayne.edu",
            "password": "kcardina",
            "address_line_1": "4717 St. Antoine St.",
            "address_line_2": null,
            "city": "Detroit",
            "state": "Michigan",
            "postal_code": "48201",
            "country": "USA"
        },
        {
            "id": 3,
            "fax": null,
            "first_name": "Laura",
            "last_name": "Pelli",
            "company_name": "Wayne Health Dearborn",
            "phone": "313-429-7939",
            "username": "lpelli",
            "email": "dzz8388@wayne.edu",
            "password": "Hann2024!",
            "address_line_1": "5250 Auto Club Drive",
            "address_line_2": "Suite 290A",
            "city": "Dearborn",
            "state": "Michigan",
            "postal_code": "48126",
            "country": "USA"
        },
        {
            "id": 4,
            "fax": null,
            "first_name": "Suzanne",
            "last_name": "Woolsey",
            "company_name": "Wayne Health",
            "phone": "313-745-0482",
            "username": "swoolsey",
            "email": "swoolsey@med.wayne.edu",
            "password": "Brooklyn13",
            "address_line_1": "Harper Prof. Bldg. Nephrology &amp; Hypertension. internal Med.",
            "address_line_2": "4160 John R,Suite 908",
            "city": "Detroit",
            "state": "Michigan",
            "postal_code": "48201",
            "country": "USA"
        },
        {
            "id": 5,
            "fax": null,
            "first_name": "Zainab",
            "last_name": "Suleiman",
            "company_name": "Wayne Health",
            "phone": "248-236-3600",
            "username": "zsuleiman",
            "email": "zsuleiman@med.wayne.edu",
            "password": "zsuleiman",
            "address_line_1": "26400 W. 12 Mile Rd",
            "address_line_2": "Suite 145",
            "city": "Southfield",
            "state": "Michigan",
            "postal_code": "48034",
            "country": "USA"
        },
        {
            "id": 6,
            "fax": null,
            "first_name": "Andrew",
            "last_name": "Disbrow",
            "company_name": "Wayne Health - Department of Family Medicine",
            "phone": "313-577-8868",
            "username": "adisbrow",
            "email": "adisbrow@med.wayne.edu",
            "password": "adisbrow",
            "address_line_1": "3939 Woodward Ave.,",
            "address_line_2": "Room 324",
            "city": "Detroit",
            "state": "Michigan",
            "postal_code": "48201",
            "country": "USA"
        },
        {
            "id": 7,
            "fax": null,
            "first_name": "Brenda",
            "last_name": "Batts",
            "company_name": "WSUPG - Pathology",
            "phone": "313-577-1102",
            "username": "bbatts",
            "email": "bbatts@med.wayne.edu",
            "password": "bbatts",
            "address_line_1": "540 E. Canfield",
            "address_line_2": null,
            "city": "Detroit",
            "state": "Michigan",
            "postal_code": "48201",
            "country": "USA"
        },
        {
            "id": 8,
            "fax": null,
            "first_name": "Claudia",
            "last_name": "Bessolo",
            "company_name": "WSUPG Otolaryngology",
            "phone": "313-745-1738",
            "username": "cbessolo",
            "email": "cbessolo@med.wayne.edu",
            "password": "cbessolo",
            "address_line_1": "4201 St. Antoine",
            "address_line_2": "5E- UHC",
            "city": "Detroit",
            "state": "Michigan",
            "postal_code": "48201",
            "country": "USA"
        },
        {
            "id": 9,
            "fax": null,
            "first_name": "Dar",
            "last_name": "Savoie",
            "company_name": "Wayne Health - Clinical Operations",
            "phone": "313-448-9678",
            "username": "dsavoie",
            "email": "dsavoie@med.wayne.edu",
            "password": "dsavoie",
            "address_line_1": "400 Mack ",
            "address_line_2": null,
            "city": "Detroit",
            "state": "Michigan",
            "postal_code": "48201",
            "country": "USA"
        },
        {
            "id": 10,
            "fax": null,
            "first_name": "Diane",
            "last_name": "Campbell",
            "company_name": "Wayne Health Infusion Clinic",
            "phone": "313-448-9822",
            "username": "dcampbel",
            "email": "Dcampbel@med.wayne.edu",
            "password": "dcampbel",
            "address_line_1": "400 Mack Ave",
            "address_line_2": "Suite 2",
            "city": "Detroit",
            "state": "Michigan",
            "postal_code": "48201",
            "country": "USA"
        },
        {
            "id": 11,
            "fax": null,
            "first_name": "Ebony",
            "last_name": "Troy",
            "company_name": "Wayne Health Troy",
            "phone": "248-581-5206",
            "username": "ebmiller",
            "email": "ebmiller@med.wayne.edu",
            "password": "ebmiller",
            "address_line_1": "1560 E. Maple Rd.",
            "address_line_2": "Suite 200",
            "city": "Troy",
            "state": "Michigan",
            "postal_code": "48083",
            "country": "USA"
        },
        {
            "id": 12,
            "fax": null,
            "first_name": "Geneva",
            "last_name": "Lucas",
            "company_name": "Wayne Health",
            "phone": "313-577-9118",
            "username": "glucas",
            "email": "Glucas@med.wayne.edu",
            "password": "glucas",
            "address_line_1": "50 E. Canfield STI/TB Clinics",
            "address_line_2": null,
            "city": "Detroit",
            "state": "Michigan",
            "postal_code": "48201",
            "country": "USA"
        },
        {
            "id": 13,
            "fax": null,
            "first_name": "Hallie",
            "last_name": "Butler",
            "company_name": "Wayne Health - Urology",
            "phone": "313-577-4937",
            "username": "hbutler",
            "email": "halliebutler@wayne.edu",
            "password": "hbutler",
            "address_line_1": "4201 St. Antoine, UHC-7C",
            "address_line_2": null,
            "city": "Detroit",
            "state": "Michigan",
            "postal_code": "48201",
            "country": "USA"
        },
        {
            "id": 14,
            "fax": null,
            "first_name": "Janelle",
            "last_name": "Paparelli",
            "company_name": "Wayne Health - Surgery",
            "phone": "313-966-7318",
            "username": "Jpaparel",
            "email": "Jpaparel@med.wayne.edu",
            "password": "Blackjack1?",
            "address_line_1": "4201 St. Antoine",
            "address_line_2": "6C - UHC, Box# 273",
            "city": "Detroit",
            "state": "Michigan",
            "postal_code": "48201",
            "country": "USA"
        },
        {
            "id": 15,
            "fax": null,
            "first_name": "Jennifer ",
            "last_name": "Abraham",
            "company_name": "Wayne Health-Kresge Eye Institute",
            "phone": "313-577-0763",
            "username": "jabraham",
            "email": "jabraham@med.wayne.edu",
            "password": "jabraham",
            "address_line_1": "4717 St. Antoine",
            "address_line_2": "Dept. of Ophthalmology",
            "city": "Detroit",
            "state": "Michigan",
            "postal_code": "48201",
            "country": "USA"
        },
        {
            "id": 16,
            "fax": null,
            "first_name": "Jody",
            "last_name": "Nash",
            "company_name": "Wayne Health - OB/GYN",
            "phone": "313-993-4049",
            "username": "joklein",
            "email": "joklein@med.wayne.edu",
            "password": "joklein",
            "address_line_1": "Hutzel Women's Hospital",
            "address_line_2": "3990 John R Street, 7 Brush North",
            "city": "Detroit",
            "state": "Michigan",
            "postal_code": "48201",
            "country": "USA"
        },
        {
            "id": 17,
            "fax": null,
            "first_name": "Julie ",
            "last_name": "Giroux",
            "company_name": "Wayne Health",
            "phone": null,
            "username": "jgiroux",
            "email": "jgiroux@med.wayne.edu",
            "password": "jgiroux",
            "address_line_1": "3901 Chrysler Service Drive, Ste 5A",
            "address_line_2": null,
            "city": "Detroit",
            "state": "Michigan",
            "postal_code": "48201",
            "country": "USA"
        },
        {
            "id": 18,
            "fax": null,
            "first_name": "LaDorris",
            "last_name": "Browner",
            "company_name": "Wayne Health - Shared Cost Center",
            "phone": "313-448-9706",
            "username": "lbrowner",
            "email": "lbrowner@med.wayne.edu",
            "password": "lbrowner",
            "address_line_1": "400 Mack 2E",
            "address_line_2": null,
            "city": "Detroit",
            "state": "Michigan",
            "postal_code": "48201",
            "country": "USA"
        },
        {
            "id": 19,
            "fax": null,
            "first_name": "Lauren ",
            "last_name": "Sexton",
            "company_name": "Wayne Health - Psychiatry",
            "phone": "313-577-5331",
            "username": "lsexton",
            "email": "lsexton@med.wayne.edu",
            "password": "lsexton",
            "address_line_1": "3901 Chrysler Service Dr.,",
            "address_line_2": "Suite 3B",
            "city": "Detroit",
            "state": "Michigan",
            "postal_code": "48201",
            "country": "USA"
        },
        {
            "id": 20,
            "fax": null,
            "first_name": "Lisa",
            "last_name": "Berant",
            "company_name": "Wayne Health - Karmanos Cancer Center",
            "phone": "313-576-8490",
            "username": "berantl",
            "email": "berantl@karmanos.org",
            "password": "berantl",
            "address_line_1": "4100 John R St",
            "address_line_2": null,
            "city": "Detroit",
            "state": "Michigan",
            "postal_code": "48201",
            "country": "USA"
        },
        {
            "id": 21,
            "fax": null,
            "first_name": "Loan ",
            "last_name": "Hoang",
            "company_name": "Wayne Health",
            "phone": "313-576-8760",
            "username": "hoangl",
            "email": "hoangl@karmanos.org",
            "password": "Cheers2014",
            "address_line_1": "4100 John R St.",
            "address_line_2": null,
            "city": "Detroit",
            "state": "Michigan",
            "postal_code": "48201",
            "country": "USA"
        },
        {
            "id": 22,
            "fax": null,
            "first_name": "Mandy",
            "last_name": "Bullock",
            "company_name": "Wayne Health-Radiation Oncology",
            "phone": "313-576-9624",
            "username": "abulloc",
            "email": "abulloc@med.wayne.edu",
            "password": "Labcoats2023!!",
            "address_line_1": "4100 John R. St",
            "address_line_2": "GE00RO",
            "city": "Detroit",
            "state": "Michigan",
            "postal_code": "48201",
            "country": "USA"
        },
        {
            "id": 23,
            "fax": null,
            "first_name": "Mario",
            "last_name": "Singleton",
            "company_name": "Wayne Health",
            "phone": "313-475-1839",
            "username": "msinglet",
            "email": "gd6517@wayne.edu",
            "password": "msinglet",
            "address_line_1": "3901 Chrysler Drive",
            "address_line_2": "Tolan Park 4A",
            "city": "Detroit",
            "state": "Michigan",
            "postal_code": "48201",
            "country": "USA"
        },
        {
            "id": 24,
            "fax": null,
            "first_name": "Martha",
            "last_name": "Barron",
            "company_name": "Wayne Health - Dearborn Dermatology",
            "phone": "313-429-7843",
            "username": "barronm",
            "email": "barronm@med.wayne.edu",
            "password": "barronm",
            "address_line_1": "18100 Oakwood Blvd., Ste 300",
            "address_line_2": null,
            "city": "Dearborn",
            "state": "Michigan",
            "postal_code": "48124",
            "country": "USA"
        },
        {
            "id": 25,
            "fax": null,
            "first_name": "Melissa",
            "last_name": "LeCoumpte",
            "company_name": "WSUSOM OB/GYN",
            "phone": "586-944-9047",
            "username": "mlecoumpte",
            "email": "melissalecoumpte@wayne.edu",
            "password": "mlecoumpte",
            "address_line_1": "3990 John R Street ",
            "address_line_2": "7 Brush North, Hutzel Hospital",
            "city": "Detroit",
            "state": "Michigan",
            "postal_code": "48201",
            "country": "USA"
        },
        {
            "id": 26,
            "fax": null,
            "first_name": "Pamela",
            "last_name": "Sydorchuk",
            "company_name": "Karmanos Cancer Institute",
            "phone": "313-576-8746",
            "username": "sydorchp",
            "email": "sydorchp@karmanos.org",
            "password": "Labcoat123!!",
            "address_line_1": "4100 John R.,Mailcode:HW04HO",
            "address_line_2": "Hematology/Oncology",
            "city": "Detroit",
            "state": "Michigan",
            "postal_code": "48201",
            "country": "USA"
        },
        {
            "id": 27,
            "fax": null,
            "first_name": "Sharon ",
            "last_name": "Washington",
            "company_name": "Wayne Health",
            "phone": "313-577-8959",
            "username": "swashing",
            "email": "swashing@med.wayne.edu",
            "password": "swashing",
            "address_line_1": "4201 St. Antoine",
            "address_line_2": "Neurology, UHC/8D",
            "city": "Detroit",
            "state": "Michigan",
            "postal_code": "48201",
            "country": "USA"
        }
    ]
}
